Year,State/Region,Population,PCPersonalHealthcare,PCHospital,PCPhysician,PCOtherProfessionalService,PCHomeHealth,PCNursing,PCDrugs,PCPersonalIncome,PCEminushealthE,PCGDP,%change in MFP,Average Weekly hours worked,Total Hours Worked,"Labor Productivity (index, 2009 is base year)",Average hours per day spent purchasing goods & services
2003,Alabama,4503,4994,1680,1413,109,120,305,862,26513,18346,34855,2.5,32.7,186.157,89.182,0.81
2004,Alabama,4531,5252,1757,1436,121,141,320,958,28371,19403,36702,2.6,32.7,188.63,91.953,0.82
2005,Alabama,4570,5545,1919,1446,125,161,343,1000,29802,20586,37578,1.5,32.6,191.757,93.861,0.8
2006,Alabama,4629,5755,1980,1451,125,171,353,1103,31315,21322,37735,0.4,32.7,196.156,94.68,0.81
2007,Alabama,4673,5928,2007,1468,132,175,374,1155,32581,22058,37522,0.4,32.7,197.541,96.178,0.78
2008,Alabama,4718,6097,2031,1522,139,183,382,1194,33430,22344,36976,-1.2,32.5,193.44,96.951,0.77
2009,Alabama,4758,6325,2158,1551,143,193,376,1260,32685,21625,35376,-0.2,31.9,179.559,100,0.76
2010,Alabama,4785,6421,2201,1563,147,199,380,1259,33697,22304,35913,2.9,32.3,179.413,103.278,0.75
2011,Alabama,4800,6541,2248,1607,148,201,386,1242,34708,23136,36201,0.2,32.4,183.109,103.422,0.72
2012,Alabama,4816,6821,2440,1662,157,199,385,1272,35482,23490,36425,0.6,32.5,187.157,104.341,0.72
2013,Alabama,4829,6996,2573,1666,167,197,387,1283,35778,24055,36660,0.5,32.5,190.307,104.656,0.75
2014,Alabama,4843,7281,2625,1739,170,202,391,1407,36879,24637,36455,0.6,32.5,194.555,105.729,0.74
2003,Alaska,648,6099,2410,1756,225,61,163,633,35591,27139,59008,2.5,32.7,186.157,89.182,0.81
2004,Alaska,659,6455,2527,1911,250,93,166,645,36791,28584,60137,2.6,32.7,188.63,91.953,0.82
2005,Alaska,667,7145,2906,2075,263,98,167,683,38876,30159,61125,1.5,32.6,191.757,93.861,0.8
2006,Alaska,675,7476,3131,2128,264,92,166,739,40845,31440,64349,0.4,32.7,196.156,94.68,0.81
2007,Alaska,680,7975,3364,2241,295,83,172,781,43723,32738,67228,0.4,32.7,197.541,96.178,0.78
2008,Alaska,687,8447,3659,2324,322,90,171,763,47791,34061,67527,-1.2,32.5,193.44,96.951,0.77
2009,Alaska,699,8745,3815,2467,343,112,170,720,46834,33165,72204,-0.2,31.9,179.559,100,0.76
2010,Alaska,714,9129,3996,2598,341,147,171,680,48613,33937,69564,2.9,32.3,179.413,103.278,0.75
2011,Alaska,723,9586,4112,2822,378,183,173,664,51405,35380,70573,0.2,32.4,183.109,103.422,0.72
2012,Alaska,731,10130,4198,3069,406,222,179,640,52648,35997,73478,0.6,32.5,187.157,104.341,0.72
2013,Alaska,737,10428,4379,3179,435,210,188,584,51455,36873,69700,0.5,32.5,190.307,104.656,0.75
2014,Alaska,737,11064,4715,3368,465,195,204,640,54625,38099,67188,0.6,32.5,194.555,105.729,0.74
2003,Arizona,5510,4077,1401,1127,139,101,181,577,28166,21291,40769,2.5,32.7,186.157,89.182,0.81
2004,Arizona,5652,4387,1492,1212,158,112,184,622,29978,22716,41063,2.6,32.7,188.63,91.953,0.82
2005,Arizona,5839,4828,1739,1276,166,121,193,672,32288,24193,43018,1.5,32.6,191.757,93.861,0.8
2006,Arizona,6029,5103,1796,1322,176,116,198,758,34705,25774,44086,0.4,32.7,196.156,94.68,0.81
2007,Arizona,6168,5410,1897,1388,189,116,217,808,35751,26826,44168,0.4,32.7,197.541,96.178,0.78
2008,Arizona,6280,5660,1981,1478,203,129,232,814,35717,26428,41800,-1.2,32.5,193.44,96.951,0.77
2009,Arizona,6343,5874,2125,1532,208,134,235,785,33746,25099,38232,-0.2,31.9,179.559,100,0.76
2010,Arizona,6408,6027,2223,1566,211,125,258,768,33558,25606,37935,2.9,32.3,179.413,103.278,0.75
2011,Arizona,6467,6076,2206,1653,221,135,276,779,34921,26486,38257,0.2,32.4,183.109,103.422,0.72
2012,Arizona,6550,6183,2267,1693,225,141,284,759,36066,26894,38559,0.6,32.5,187.157,104.341,0.72
2013,Arizona,6625,6262,2334,1713,235,137,284,727,36558,27464,38303,0.5,32.5,190.307,104.656,0.75
2014,Arizona,6720,6452,2337,1774,248,136,286,814,38050,28350,38450,0.6,32.5,194.555,105.729,0.74
2003,Arkansas,2725,4616,1777,1091,136,115,338,686,25467,17550,33678,2.5,32.7,186.157,89.182,0.81
2004,Arkansas,2750,4899,1844,1181,146,111,351,735,26807,18526,34936,2.6,32.7,188.63,91.953,0.82
2005,Arkansas,2781,5254,1958,1287,150,115,374,795,27952,19612,35649,1.5,32.6,191.757,93.861,0.8
2006,Arkansas,2822,5469,2011,1334,153,104,385,887,29308,20546,35803,0.4,32.7,196.156,94.68,0.81
2007,Arkansas,2849,5766,2077,1395,173,106,410,968,30972,21721,35205,0.4,32.7,197.541,96.178,0.78
2008,Arkansas,2875,6000,2190,1427,185,118,415,996,32141,21787,34957,-1.2,32.5,193.44,96.951,0.77
2009,Arkansas,2897,6238,2297,1424,189,136,422,1055,31372,21170,33837,-0.2,31.9,179.559,100,0.76
2010,Arkansas,2922,6412,2357,1399,202,148,433,1055,31798,21653,34671,2.9,32.3,179.413,103.278,0.75
2011,Arkansas,2939,6585,2407,1449,220,157,434,1057,33780,22579,35146,0.2,32.4,183.109,103.422,0.72
2012,Arkansas,2951,6804,2530,1485,231,172,439,1036,36149,23016,34965,0.6,32.5,187.157,104.341,0.72
2013,Arkansas,2959,6929,2558,1497,246,170,440,1047,35985,23570,35865,0.5,32.5,190.307,104.656,0.75
2014,Arkansas,2967,7408,2673,1635,262,181,440,1169,37980,24068,36274,0.6,32.5,194.555,105.729,0.74
2003,California,35253,4489,1520,1307,171,138,214,585,35234,24016,49501,2.5,32.7,186.157,89.182,0.81
2004,California,35575,4781,1615,1389,177,158,219,620,37551,25437,51520,2.6,32.7,188.63,91.953,0.82
2005,California,35828,5107,1709,1508,174,183,230,660,39521,26920,53320,1.5,32.6,191.757,93.861,0.8
2006,California,36021,5397,1812,1549,182,200,247,729,42334,28487,54842,0.4,32.7,196.156,94.68,0.81
2007,California,36250,5776,1898,1676,196,229,265,783,43692,29772,55154,0.4,32.7,197.541,96.178,0.78
2008,California,36604,6038,2015,1734,208,233,285,809,44162,29852,54454,-1.2,32.5,193.44,96.951,0.77
2009,California,36961,6210,2134,1730,214,240,308,829,42224,28208,51733,-0.2,31.9,179.559,100,0.76
2010,California,37333,6480,2310,1809,208,245,324,826,43317,28924,51871,2.9,32.3,179.413,103.278,0.75
2011,California,37677,6737,2451,1852,205,256,341,843,45849,30013,52099,0.2,32.4,183.109,103.422,0.72
2012,California,38011,7018,2561,1877,209,275,352,846,48369,30879,52974,0.6,32.5,187.157,104.341,0.72
2013,California,38335,7256,2695,1897,209,287,360,875,48570,31400,53855,0.5,32.5,190.307,104.656,0.75
2014,California,38681,7549,2753,1983,217,291,383,955,51344,32695,55598,0.6,32.5,194.555,105.729,0.74
2003,Colorado,4529,4569,1543,1304,201,87,247,522,35132,26066,50743,2.5,32.7,186.157,89.182,0.81
2004,Colorado,4575,4831,1669,1348,204,93,256,549,35947,27201,50083,2.6,32.7,188.63,91.953,0.82
2005,Colorado,4632,4937,1700,1357,200,97,278,581,38025,28540,51473,1.5,32.6,191.757,93.861,0.8
2006,Colorado,4720,5264,1834,1467,203,97,279,648,40143,29598,51515,0.4,32.7,196.156,94.68,0.81
2007,Colorado,4804,5522,1952,1449,218,127,306,695,41996,30483,52094,0.4,32.7,197.541,96.178,0.78
2008,Colorado,4890,5685,2049,1476,236,129,326,668,42663,30687,51651,-1.2,32.5,193.44,96.951,0.77
2009,Colorado,4972,5882,2209,1481,235,141,344,641,39838,29373,49731,-0.2,31.9,179.559,100,0.76
2010,Colorado,5049,5979,2326,1468,248,152,356,599,39926,29851,49254,2.9,32.3,179.413,103.278,0.75
2011,Colorado,5118,6129,2363,1509,272,162,371,601,42955,31169,49285,0.2,32.4,183.109,103.422,0.72
2012,Colorado,5190,6306,2439,1523,286,173,379,611,45089,31902,49639,0.6,32.5,187.157,104.341,0.72
2013,Colorado,5268,6472,2600,1516,304,181,383,605,46824,32647,50475,0.5,32.5,190.307,104.656,0.75
2014,Colorado,5350,6804,2739,1602,325,192,385,681,49952,34246,52064,0.6,32.5,194.555,105.729,0.74
2003,Connecticut,3484,6226,1852,1455,220,207,720,908,45468,28233,61419,2.5,32.7,186.157,89.182,0.81
2004,Connecticut,3496,6739,2001,1575,233,218,733,993,47710,30008,65034,2.6,32.7,188.63,91.953,0.82
2005,Connecticut,3507,6997,2021,1550,237,227,779,1201,50226,31917,66032,1.5,32.6,191.757,93.861,0.8
2006,Connecticut,3517,7391,2211,1647,239,223,804,1216,54191,33653,67458,0.4,32.7,196.156,94.68,0.81
2007,Connecticut,3527,7793,2310,1758,261,232,852,1294,57919,34906,70096,0.4,32.7,197.541,96.178,0.78
2008,Connecticut,3546,8219,2450,1853,276,246,873,1301,61232,35348,68777,-1.2,32.5,193.44,96.951,0.77
2009,Connecticut,3562,8740,2684,1909,288,251,862,1347,60428,33951,65574,-0.2,31.9,179.559,100,0.76
2010,Connecticut,3580,8863,2830,1938,288,255,858,1308,62126,34610,64906,2.9,32.3,179.413,103.278,0.75
2011,Connecticut,3590,8950,2981,1995,290,267,858,1313,63849,35596,63638,0.2,32.4,183.109,103.422,0.72
2012,Connecticut,3594,9300,3115,2093,298,266,847,1309,65032,36208,63502,0.6,32.5,187.157,104.341,0.72
2013,Connecticut,3596,9517,3268,2103,304,278,842,1350,64131,37053,62550,0.5,32.5,190.307,104.656,0.75
2014,Connecticut,3592,9859,3326,2186,322,296,854,1476,66558,38642,62171,0.6,32.5,194.555,105.729,0.74
2003,Delaware,818,6164,2142,1625,196,125,381,881,38187,25124,67956,2.5,32.7,186.157,89.182,0.81
2004,Delaware,831,6618,2305,1682,213,128,435,954,39000,26507,69500,2.6,32.7,188.63,91.953,0.82
2005,Delaware,845,6980,2527,1722,226,141,472,984,39469,27898,67525,1.5,32.6,191.757,93.861,0.8
2006,Delaware,859,7315,2672,1768,220,156,460,1111,41343,29082,67857,0.4,32.7,196.156,94.68,0.81
2007,Delaware,872,7726,2861,1837,235,159,524,1158,41834,30125,66344,0.4,32.7,197.541,96.178,0.78
2008,Delaware,884,8136,2951,1967,249,185,567,1221,41832,30549,62535,-1.2,32.5,193.44,96.951,0.77
2009,Delaware,892,8405,3043,2031,263,203,611,1237,41317,29424,64313,-0.2,31.9,179.559,100,0.76
2010,Delaware,900,8822,3368,2059,282,215,614,1244,41088,30230,62837,2.9,32.3,179.413,103.278,0.75
2011,Delaware,908,9213,3528,2167,296,234,599,1288,43712,31220,63793,0.2,32.4,183.109,103.422,0.72
2012,Delaware,917,9433,3680,2210,325,244,592,1287,43571,31581,62174,0.6,32.5,187.157,104.341,0.72
2013,Delaware,925,9766,3922,2173,340,242,593,1356,43836,32360,60719,0.5,32.5,190.307,104.656,0.75
2014,Delaware,935,10254,4078,2259,348,239,608,1525,45110,33149,63368,0.6,32.5,194.555,105.729,0.74
2003,District of Columbia,569,7661,3694,1611,167,133,562,589,46452,31762,152623,2.5,32.7,186.157,89.182,0.81
2004,District of Columbia,568,8394,4030,1799,170,154,585,673,51060,33681,160065,2.6,32.7,188.63,91.953,0.82
2005,District of Columbia,567,8764,4410,1647,172,194,611,707,53870,35613,163100,1.5,32.6,191.757,93.861,0.8
2006,District of Columbia,571,9003,4541,1646,180,260,626,797,57025,36926,164366,0.4,32.7,196.156,94.68,0.81
2007,District of Columbia,574,9562,4680,1790,189,358,660,890,60325,38854,167668,0.4,32.7,197.541,96.178,0.78
2008,District of Columbia,580,9959,4796,1913,197,443,661,947,62103,40059,170687,-1.2,32.5,193.44,96.951,0.77
2009,District of Columbia,592,10439,4952,1901,194,589,686,1052,59998,37959,166178,-0.2,31.9,179.559,100,0.76
2010,District of Columbia,605,10876,4916,1958,194,521,677,1041,61860,38619,168030,2.9,32.3,179.413,103.278,0.75
2011,District of Columbia,620,11281,5088,2118,204,571,654,1031,65775,39833,166870,0.2,32.4,183.109,103.422,0.72
2012,District of Columbia,635,11223,5113,2181,213,545,632,1021,66595,40504,163274,0.6,32.5,187.157,104.341,0.72
2013,District of Columbia,649,11466,5181,2306,213,600,593,1034,66540,41021,159497,0.5,32.5,190.307,104.656,0.75
2014,District of Columbia,659,11944,5233,2457,223,653,583,1171,70041,42808,159745,0.6,32.5,194.555,105.729,0.74
2003,Far West,49053,4574,1548,1320,175,120,221,598,34601,23994,48705,2.5,32.7,186.157,89.182,0.81
2004,Far West,49602,4867,1645,1404,183,139,228,633,36824,25421,50640,2.6,32.7,188.63,91.953,0.82
2005,Far West,50090,5196,1750,1515,184,159,241,673,38660,26882,52439,1.5,32.6,191.757,93.861,0.8
2006,Far West,50571,5484,1852,1562,193,173,255,743,41297,28402,53932,0.4,32.7,196.156,94.68,0.81
2007,Far West,51031,5856,1958,1666,209,198,274,794,42793,29607,54469,0.4,32.7,197.541,96.178,0.78
2008,Far West,51609,6127,2086,1724,222,204,294,813,43450,29736,53881,-1.2,32.5,193.44,96.951,0.77
2009,Far West,52168,6327,2216,1736,229,212,316,827,41414,28207,51328,-0.2,31.9,179.559,100,0.76
2010,Far West,52695,6563,2371,1799,227,217,331,817,42315,28900,51610,2.9,32.3,179.413,103.278,0.75
2011,Far West,53186,6797,2490,1848,226,227,349,829,44619,29992,51881,0.2,32.4,183.109,103.422,0.72
2012,Far West,53681,7068,2609,1876,232,245,362,829,47051,30840,52478,0.6,32.5,187.157,104.341,0.72
2013,Far West,54159,7302,2733,1902,237,255,370,851,47259,31451,53032,0.5,32.5,190.307,104.656,0.75
2014,Far West,54689,7629,2817,1997,245,261,389,931,49965,32716,54388,0.6,32.5,194.555,105.729,0.74
2003,Florida,17004,5336,1712,1498,184,179,347,833,32144,22034,40983,2.5,32.7,186.157,89.182,0.81
2004,Florida,17415,5690,1801,1593,195,201,353,915,34063,23383,41736,2.6,32.7,188.63,91.953,0.82
2005,Florida,17842,5957,1882,1659,213,222,361,962,36268,24932,43326,1.5,32.6,191.757,93.861,0.8
2006,Florida,18167,6284,1992,1728,214,237,374,1040,38738,26413,43926,0.4,32.7,196.156,94.68,0.81
2007,Florida,18368,6585,2079,1796,230,259,406,1070,39788,27186,43506,0.4,32.7,197.541,96.178,0.78
2008,Florida,18527,6854,2138,1917,253,278,423,1092,39655,27041,41241,-1.2,32.5,193.44,96.951,0.77
2009,Florida,18653,7134,2306,1959,266,291,440,1133,37065,25830,38695,-0.2,31.9,179.559,100,0.76
2010,Florida,18849,7301,2408,1959,275,294,460,1141,38626,26541,38604,2.9,32.3,179.413,103.278,0.75
2011,Florida,19097,7408,2404,2042,283,287,494,1143,40494,27572,37876,0.2,32.4,183.109,103.422,0.72
2012,Florida,19344,7635,2559,2105,284,284,492,1125,41000,28105,37705,0.6,32.5,187.157,104.341,0.72
2013,Florida,19582,7688,2592,2117,289,288,492,1096,40797,28867,38023,0.5,32.5,190.307,104.656,0.75
2014,Florida,19889,8076,2732,2192,301,294,489,1232,43064,30052,38477,0.6,32.5,194.555,105.729,0.74
2003,Georgia,8623,4358,1580,1166,132,92,227,685,30647,21269,45453,2.5,32.7,186.157,89.182,0.81
2004,Georgia,8769,4732,1650,1304,141,106,243,753,31856,22145,46599,2.6,32.7,188.63,91.953,0.82
2005,Georgia,8926,4891,1746,1292,150,110,261,780,33266,23361,47610,1.5,32.6,191.757,93.861,0.8
2006,Georgia,9156,5148,1817,1415,156,111,261,832,34665,24219,47013,0.4,32.7,196.156,94.68,0.81
2007,Georgia,9350,5329,1873,1416,172,112,271,854,35516,24948,46374,0.4,32.7,197.541,96.178,0.78
2008,Georgia,9505,5358,1881,1449,177,123,280,857,35306,24901,44239,-1.2,32.5,193.44,96.951,0.77
2009,Georgia,9621,5513,1989,1466,177,134,276,875,34361,23786,42052,-0.2,31.9,179.559,100,0.76
2010,Georgia,9714,5554,2015,1484,188,140,283,848,34643,24423,42029,2.9,32.3,179.413,103.278,0.75
2011,Georgia,9812,5713,2050,1560,192,153,292,850,36669,25578,42140,0.2,32.4,183.109,103.422,0.72
2012,Georgia,9915,6009,2198,1649,201,161,296,841,36863,26109,42191,0.6,32.5,187.157,104.341,0.72
2013,Georgia,9985,6249,2340,1681,206,170,299,855,37172,26797,42500,0.5,32.5,190.307,104.656,0.75
2014,Georgia,10087,6587,2446,1817,211,163,294,938,39129,27796,43465,0.6,32.5,194.555,105.729,0.74
2003,Great Lakes,45708,5153,1923,1199,156,113,391,734,31923,22550,44752,2.5,32.7,186.157,89.182,0.81
2004,Great Lakes,45844,5499,2077,1262,167,126,405,783,33059,23520,45470,2.6,32.7,188.63,91.953,0.82
2005,Great Lakes,45949,5811,2232,1327,177,140,425,790,33994,24561,45894,1.5,32.6,191.757,93.861,0.8
2006,Great Lakes,46072,6153,2390,1397,185,150,440,854,35725,25476,46152,0.4,32.7,196.156,94.68,0.81
2007,Great Lakes,46188,6488,2543,1458,197,166,470,884,37187,26266,46279,0.4,32.7,197.541,96.178,0.78
2008,Great Lakes,46275,6701,2612,1526,211,181,484,895,38351,26701,45045,-1.2,32.5,193.44,96.951,0.77
2009,Great Lakes,46356,7051,2820,1574,216,198,494,932,36826,25859,42881,-0.2,31.9,179.559,100,0.76
2010,Great Lakes,46441,7311,2959,1617,223,213,507,935,37684,26560,44173,2.9,32.3,179.413,103.278,0.75
2011,Great Lakes,46507,7526,3035,1682,235,220,519,962,39892,27665,45116,0.2,32.4,183.109,103.422,0.72
2012,Great Lakes,46573,7834,3233,1755,250,225,529,955,41499,28318,45767,0.6,32.5,187.157,104.341,0.72
2013,Great Lakes,46660,8005,3321,1778,258,233,535,975,42054,28932,46077,0.5,32.5,190.307,104.656,0.75
2014,Great Lakes,46731,8389,3491,1854,274,237,544,1059,43758,29943,47021,0.6,32.5,194.555,105.729,0.74
2003,Hawaii,1251,4750,1747,1299,160,88,220,676,32581,23834,46437,2.5,32.7,186.157,89.182,0.81
2004,Hawaii,1274,5018,1787,1342,176,91,236,791,34511,25320,48373,2.6,32.7,188.63,91.953,0.82
2005,Hawaii,1293,5389,1951,1388,183,115,262,854,36528,27127,50145,1.5,32.6,191.757,93.861,0.8
2006,Hawaii,1310,5555,2009,1458,182,110,277,895,38648,28915,50631,0.4,32.7,196.156,94.68,0.81
2007,Hawaii,1316,6098,2139,1636,208,110,304,978,40441,30181,51245,0.4,32.7,197.541,96.178,0.78
2008,Hawaii,1332,6382,2313,1663,215,111,319,1026,42073,31001,50833,-1.2,32.5,193.44,96.951,0.77
2009,Hawaii,1347,6542,2412,1701,219,117,335,1068,41473,30346,48549,-0.2,31.9,179.559,100,0.76
2010,Hawaii,1364,6496,2421,1709,213,118,334,1021,41724,31098,49418,2.9,32.3,179.413,103.278,0.75
2011,Hawaii,1378,6527,2395,1781,214,121,335,1004,42872,32078,49331,0.2,32.4,183.109,103.422,0.72
2012,Hawaii,1392,6803,2605,1829,218,130,336,1013,44428,33223,49513,0.6,32.5,187.157,104.341,0.72
2013,Hawaii,1406,6955,2689,1850,222,143,346,1037,44639,34070,49539,0.5,32.5,190.307,104.656,0.75
2014,Hawaii,1416,7299,2764,1922,233,163,350,1181,46685,35528,49716,0.6,32.5,194.555,105.729,0.74
2003,Idaho,1363,4252,1561,977,177,83,225,582,26689,19537,34034,2.5,32.7,186.157,89.182,0.81
2004,Idaho,1392,4492,1610,1042,198,89,241,611,28355,20775,34665,2.6,32.7,188.63,91.953,0.82
2005,Idaho,1428,4799,1755,1107,205,96,259,638,29311,22275,35895,1.5,32.6,191.757,93.861,0.8
2006,Idaho,1469,5057,1885,1155,215,94,257,686,31357,23642,36931,0.4,32.7,196.156,94.68,0.81
2007,Idaho,1505,5309,1992,1181,226,104,276,708,32580,24477,37080,0.4,32.7,197.541,96.178,0.78
2008,Idaho,1534,5459,2011,1236,240,113,295,713,33031,24537,36691,-1.2,32.5,193.44,96.951,0.77
2009,Idaho,1554,5700,2162,1263,252,131,318,722,31436,23060,34664,-0.2,31.9,179.559,100,0.76
2010,Idaho,1571,5999,2316,1272,260,146,318,721,31726,23533,34620,2.9,32.3,179.413,103.278,0.75
2011,Idaho,1584,6135,2523,1285,275,151,347,736,33296,24253,34270,0.2,32.4,183.109,103.422,0.72
2012,Idaho,1596,6380,2748,1256,275,165,353,724,34695,24757,34094,0.6,32.5,187.157,104.341,0.72
2013,Idaho,1612,6593,2860,1281,292,170,362,730,35720,25479,34748,0.5,32.5,190.307,104.656,0.75
2014,Idaho,1634,6927,3038,1325,302,178,366,796,37186,26257,35103,0.6,32.5,194.555,105.729,0.74
2003,Illinois,12556,5080,1937,1238,171,98,336,676,34984,23903,49495,2.5,32.7,186.157,89.182,0.81
2004,Illinois,12590,5362,2044,1290,179,110,349,730,36228,25022,50479,2.6,32.7,188.63,91.953,0.82
2005,Illinois,12610,5690,2184,1348,193,121,365,757,37648,26321,51237,1.5,32.6,191.757,93.861,0.8
2006,Illinois,12644,6034,2322,1434,208,129,383,823,40124,27507,52486,0.4,32.7,196.156,94.68,0.81
2007,Illinois,12696,6454,2530,1503,228,142,416,861,42265,28598,52856,0.4,32.7,197.541,96.178,0.78
2008,Illinois,12747,6653,2583,1562,246,159,434,884,43358,28922,51406,-1.2,32.5,193.44,96.951,0.77
2009,Illinois,12797,6917,2698,1613,254,178,444,931,40994,27946,49859,-0.2,31.9,179.559,100,0.76
2010,Illinois,12842,7253,2836,1669,274,201,470,940,41698,28688,50304,2.9,32.3,179.413,103.278,0.75
2011,Illinois,12860,7429,2916,1720,288,214,486,956,43724,29821,51198,0.2,32.4,183.109,103.422,0.72
2012,Illinois,12871,7665,3034,1786,304,217,499,939,45654,30598,52172,0.6,32.5,187.157,104.341,0.72
2013,Illinois,12880,7911,3188,1816,314,219,509,936,46646,31214,51963,0.5,32.5,190.307,104.656,0.75
2014,Illinois,12868,8262,3380,1876,339,218,517,1006,48866,32402,52966,0.6,32.5,194.555,105.729,0.74
2003,Indiana,6197,5028,1859,1162,130,80,407,771,29406,20926,42099,2.5,32.7,186.157,89.182,0.81
2004,Indiana,6233,5407,2045,1243,141,89,426,803,30479,22088,43143,2.6,32.7,188.63,91.953,0.82
2005,Indiana,6279,5637,2124,1325,143,97,459,813,31077,23142,42826,1.5,32.6,191.757,93.861,0.8
2006,Indiana,6333,5986,2288,1407,149,100,478,868,32747,23898,43279,0.4,32.7,196.156,94.68,0.81
2007,Indiana,6380,6279,2455,1438,157,107,512,885,33717,24415,44145,0.4,32.7,197.541,96.178,0.78
2008,Indiana,6425,6413,2478,1486,170,115,525,887,35139,24880,43515,-1.2,32.5,193.44,96.951,0.77
2009,Indiana,6459,6791,2756,1494,176,125,544,922,34084,23936,40572,-0.2,31.9,179.559,100,0.76
2010,Indiana,6491,6987,2857,1545,183,133,547,934,35081,24589,42996,2.9,32.3,179.413,103.278,0.75
2011,Indiana,6516,7286,2999,1625,199,138,554,967,37259,25506,43058,0.2,32.4,183.109,103.422,0.72
2012,Indiana,6538,7848,3375,1729,217,149,560,997,38816,26158,43064,0.6,32.5,187.157,104.341,0.72
2013,Indiana,6569,7923,3320,1788,229,159,562,1031,39148,26568,43866,0.5,32.5,190.307,104.656,0.75
2014,Indiana,6595,8300,3492,1841,242,162,580,1119,40469,27297,44784,0.6,32.5,194.555,105.729,0.74
2003,Iowa,2942,5211,1971,1129,154,92,462,709,29478,20798,41665,2.5,32.7,186.157,89.182,0.81
2004,Iowa,2954,5486,2083,1155,168,98,485,757,31866,22047,44605,2.6,32.7,188.63,91.953,0.82
2005,Iowa,2964,5816,2239,1191,176,105,505,825,32609,23046,45554,1.5,32.6,191.757,93.861,0.8
2006,Iowa,2983,6173,2385,1229,182,104,522,929,34434,24144,45908,0.4,32.7,196.156,94.68,0.81
2007,Iowa,2999,6444,2494,1272,195,114,563,961,36681,24947,47504,0.4,32.7,197.541,96.178,0.78
2008,Iowa,3017,6691,2598,1347,204,128,582,952,38787,25828,46413,-1.2,32.5,193.44,96.951,0.77
2009,Iowa,3033,6946,2723,1373,211,135,591,970,37365,25376,45195,-0.2,31.9,179.559,100,0.76
2010,Iowa,3051,7177,2852,1400,221,138,598,977,37946,25980,45884,2.9,32.3,179.413,103.278,0.75
2011,Iowa,3065,7416,2944,1430,229,141,614,1030,40857,27190,46523,0.2,32.4,183.109,103.422,0.72
2012,Iowa,3076,7648,3064,1475,241,156,626,1049,42580,27784,48001,0.6,32.5,187.157,104.341,0.72
2013,Iowa,3092,7806,3154,1490,252,163,633,1042,43189,28384,48002,0.5,32.5,190.307,104.656,0.75
2014,Iowa,3108,8200,3292,1553,262,176,662,1148,44315,29246,49566,0.6,32.5,194.555,105.729,0.74
2003,Kansas,2723,5149,1740,1361,153,83,385,752,30147,20541,40944,2.5,32.7,186.157,89.182,0.81
2004,Kansas,2734,5489,1885,1433,169,93,401,784,30669,21623,40748,2.6,32.7,188.63,91.953,0.82
2005,Kansas,2745,5786,2024,1487,182,99,428,815,32268,22587,41736,1.5,32.6,191.757,93.861,0.8
2006,Kansas,2763,6040,2170,1508,185,101,431,871,35353,23853,43593,0.4,32.7,196.156,94.68,0.81
2007,Kansas,2784,6352,2297,1571,199,107,462,904,37865,24792,45313,0.4,32.7,197.541,96.178,0.78
2008,Kansas,2808,6589,2403,1635,217,113,473,916,41179,25364,46050,-1.2,32.5,193.44,96.951,0.77
2009,Kansas,2833,6764,2490,1650,221,118,493,929,39204,24433,43770,-0.2,31.9,179.559,100,0.76
2010,Kansas,2859,6858,2560,1662,228,120,498,939,39206,24725,44243,2.9,32.3,179.413,103.278,0.75
2011,Kansas,2870,7152,2650,1731,234,127,531,998,42521,25830,45476,0.2,32.4,183.109,103.422,0.72
2012,Kansas,2885,7477,2828,1740,254,157,551,1058,44811,26466,45514,0.6,32.5,187.157,104.341,0.72
2013,Kansas,2893,7429,2827,1670,262,140,559,1044,45867,27133,45470,0.5,32.5,190.307,104.656,0.75
2014,Kansas,2899,7651,2964,1702,267,138,567,1119,46568,28093,46269,0.6,32.5,194.555,105.729,0.74
2003,Kentucky,4117,5086,1856,1259,142,137,352,857,26483,18934,36731,2.5,32.7,186.157,89.182,0.81
2004,Kentucky,4146,5405,1999,1307,154,133,366,911,27906,19904,37463,2.6,32.7,188.63,91.953,0.82
2005,Kentucky,4183,5668,2200,1312,157,145,379,913,29013,20939,38205,1.5,32.6,191.757,93.861,0.8
2006,Kentucky,4219,5977,2355,1344,163,141,400,962,30440,21945,38856,0.4,32.7,196.156,94.68,0.81
2007,Kentucky,4257,6201,2435,1355,172,148,431,997,31583,22429,38159,0.4,32.7,197.541,96.178,0.78
2008,Kentucky,4290,6360,2494,1401,184,147,446,1002,32966,22943,37875,-1.2,32.5,193.44,96.951,0.77
2009,Kentucky,4317,6698,2691,1438,190,151,447,1053,32304,22516,36209,-0.2,31.9,179.559,100,0.76
2010,Kentucky,4349,6898,2790,1463,200,148,452,1062,33026,23150,37579,2.9,32.3,179.413,103.278,0.75
2011,Kentucky,4369,7142,2886,1546,208,146,467,1107,34483,24004,37926,0.2,32.4,183.109,103.422,0.72
2012,Kentucky,4385,7289,2942,1636,215,140,464,1095,35577,24560,38052,0.6,32.5,187.157,104.341,0.72
2013,Kentucky,4400,7543,3078,1719,218,152,466,1097,35585,24962,38247,0.5,32.5,190.307,104.656,0.75
2014,Kentucky,4413,8004,3217,1830,228,160,476,1199,36999,25448,38334,0.6,32.5,194.555,105.729,0.74
2003,Louisiana,4521,4917,1916,1185,128,128,271,756,26503,18303,43275,2.5,32.7,186.157,89.182,0.81
2004,Louisiana,4552,5262,2026,1267,140,154,283,809,27493,19176,44706,2.6,32.7,188.63,91.953,0.82
2005,Louisiana,4577,5433,2092,1226,142,189,302,878,29422,19974,47004,1.5,32.6,191.757,93.861,0.8
2006,Louisiana,4303,5944,2243,1346,155,199,319,1010,33276,22586,49164,0.4,32.7,196.156,94.68,0.81
2007,Louisiana,4376,6292,2347,1397,169,231,351,1077,35776,23333,46878,0.4,32.7,197.541,96.178,0.78
2008,Louisiana,4436,6618,2452,1459,187,255,365,1125,37796,23731,46578,-1.2,32.5,193.44,96.951,0.77
2009,Louisiana,4492,6958,2630,1506,192,275,365,1202,36284,23026,46949,-0.2,31.9,179.559,100,0.76
2010,Louisiana,4545,7227,2804,1517,197,285,375,1209,37226,23648,48599,2.9,32.3,179.413,103.278,0.75
2011,Louisiana,4575,7161,2735,1502,206,286,385,1218,38148,24688,45712,0.2,32.4,183.109,103.422,0.72
2012,Louisiana,4603,7303,2773,1525,224,288,390,1226,40019,25350,45482,0.6,32.5,187.157,104.341,0.72
2013,Louisiana,4626,7487,2907,1617,227,277,393,1189,40103,26045,43725,0.5,32.5,190.307,104.656,0.75
2014,Louisiana,4648,7815,3050,1719,238,283,399,1257,42012,26751,44453,0.6,32.5,194.555,105.729,0.74
2003,Maine,1307,6086,2109,1288,200,138,429,764,30668,24350,38136,2.5,32.7,186.157,89.182,0.81
2004,Maine,1314,6580,2311,1336,229,149,456,819,32072,25792,39089,2.6,32.7,188.63,91.953,0.82
2005,Maine,1319,7001,2541,1382,244,158,481,855,32669,27093,38961,1.5,32.6,191.757,93.861,0.8
2006,Maine,1324,7374,2733,1389,253,166,485,962,34302,28336,39288,0.4,32.7,196.156,94.68,0.81
2007,Maine,1327,7718,2893,1429,276,178,503,1006,35558,29424,38946,0.4,32.7,197.541,96.178,0.78
2008,Maine,1331,8061,3076,1470,286,181,519,1017,36998,30139,38508,-1.2,32.5,193.44,96.951,0.77
2009,Maine,1330,8359,3221,1538,283,184,534,1029,36952,29568,37910,-0.2,31.9,179.559,100,0.76
2010,Maine,1328,8539,3455,1548,284,179,533,1000,37528,30496,38352,2.9,32.3,179.413,103.278,0.75
2011,Maine,1328,8824,3679,1570,293,181,541,1011,38935,31378,37780,0.2,32.4,183.109,103.422,0.72
2012,Maine,1329,9001,3817,1619,320,191,587,996,39791,31840,37705,0.6,32.5,187.157,104.341,0.72
2013,Maine,1329,9133,3838,1629,322,193,598,1052,39670,32451,37477,0.5,32.5,190.307,104.656,0.75
2014,Maine,1331,9531,3953,1684,329,203,590,1159,41153,33517,38055,0.6,32.5,194.555,105.729,0.74
2003,Maryland,5496,5380,1913,1373,179,102,402,828,39069,25580,48471,2.5,32.7,186.157,89.182,0.81
2004,Maryland,5547,5737,2072,1463,189,103,445,852,41550,26990,50547,2.6,32.7,188.63,91.953,0.82
2005,Maryland,5592,6064,2229,1495,200,106,481,901,43302,28630,51960,1.5,32.6,191.757,93.861,0.8
2006,Maryland,5627,6530,2373,1587,213,109,509,1015,45832,30172,52697,0.4,32.7,196.156,94.68,0.81
2007,Maryland,5653,6907,2536,1671,224,114,549,1053,47365,31370,52646,0.4,32.7,197.541,96.178,0.78
2008,Maryland,5685,7200,2684,1748,240,125,574,1044,49428,31828,52877,-1.2,32.5,193.44,96.951,0.77
2009,Maryland,5730,7507,2810,1801,249,140,594,1079,48845,31119,52515,-0.2,31.9,179.559,100,0.76
2010,Maryland,5789,7748,2930,1839,255,154,617,1064,49880,31981,53675,2.9,32.3,179.413,103.278,0.75
2011,Maryland,5844,7937,3049,1900,261,154,626,1050,52089,32872,54209,0.2,32.4,183.109,103.422,0.72
2012,Maryland,5890,8115,3109,1987,269,160,624,1032,53341,33652,54018,0.6,32.5,187.157,104.341,0.72
2013,Maryland,5931,8250,3158,2024,263,170,619,1067,52666,34292,53765,0.5,32.5,190.307,104.656,0.75
2014,Maryland,5967,8602,3283,2113,276,177,626,1147,54063,35327,54108,0.6,32.5,194.555,105.729,0.74
2003,Massachusetts,6423,6606,2459,1405,195,250,601,804,40805,28792,56380,2.5,32.7,186.157,89.182,0.81
2004,Massachusetts,6412,7029,2624,1479,204,276,626,891,42856,30516,57699,2.6,32.7,188.63,91.953,0.82
2005,Massachusetts,6403,7484,2777,1581,209,301,659,941,44842,32300,58776,1.5,32.6,191.757,93.861,0.8
2006,Massachusetts,6410,8056,3055,1709,217,327,686,973,48307,33672,59706,0.4,32.7,196.156,94.68,0.81
2007,Massachusetts,6432,8638,3287,1836,228,340,747,1001,50417,34392,60955,0.4,32.7,197.541,96.178,0.78
2008,Massachusetts,6469,9006,3401,1942,245,385,753,1029,52283,35126,60723,-1.2,32.5,193.44,96.951,0.77
2009,Massachusetts,6518,9417,3602,2023,256,424,753,1057,51412,34046,59178,-0.2,31.9,179.559,100,0.76
2010,Massachusetts,6566,9619,3718,2057,268,458,740,1046,53054,35027,60808,2.9,32.3,179.413,103.278,0.75
2011,Massachusetts,6612,9818,3725,2151,276,504,734,1068,55232,36157,61769,0.2,32.4,183.109,103.422,0.72
2012,Massachusetts,6658,10071,3817,2220,281,551,727,1077,57192,37078,62456,0.6,32.5,187.157,104.341,0.72
2013,Massachusetts,6707,10273,3872,2240,289,596,720,1130,57182,37828,61882,0.5,32.5,190.307,104.656,0.75
2014,Massachusetts,6750,10559,3933,2264,301,667,720,1250,59296,39432,62571,0.6,32.5,194.555,105.729,0.74
2003,Michigan,10041,4867,1850,1045,161,131,306,754,31306,22770,42581,2.5,32.7,186.157,89.182,0.81
2004,Michigan,10055,5239,2015,1106,177,148,317,821,32167,23686,42384,2.6,32.7,188.63,91.953,0.82
2005,Michigan,10051,5528,2181,1167,188,166,334,782,32813,24508,42919,1.5,32.6,191.757,93.861,0.8
2006,Michigan,10036,5924,2360,1231,194,184,349,857,33638,25332,42206,0.4,32.7,196.156,94.68,0.81
2007,Michigan,10001,6254,2516,1273,209,214,372,891,34691,25805,41925,0.4,32.7,197.541,96.178,0.78
2008,Michigan,9947,6517,2586,1371,220,238,392,907,35644,26494,39863,-1.2,32.5,193.44,96.951,0.77
2009,Michigan,9902,6816,2710,1454,222,255,408,946,33966,25785,36676,-0.2,31.9,179.559,100,0.76
2010,Michigan,9877,7121,2887,1503,228,266,424,951,35204,26527,38763,2.9,32.3,179.413,103.278,0.75
2011,Michigan,9876,7406,2977,1599,235,266,448,982,37400,27709,39757,0.2,32.4,183.109,103.422,0.72
2012,Michigan,9887,7637,3107,1652,247,271,463,975,38699,28324,40463,0.6,32.5,187.157,104.341,0.72
2013,Michigan,9899,7745,3147,1662,251,285,470,1006,39214,29038,40993,0.5,32.5,190.307,104.656,0.75
2014,Michigan,9916,8055,3256,1738,265,288,478,1106,40830,30245,41566,0.6,32.5,194.555,105.729,0.74
2003,Mideast,47035,6001,2084,1315,191,199,495,875,37575,25238,52692,2.5,32.7,186.157,89.182,0.81
2004,Mideast,47162,6378,2225,1383,205,209,520,949,39522,26556,53996,2.6,32.7,188.63,91.953,0.82
2005,Mideast,47239,6739,2362,1448,213,218,541,1017,41129,28080,55279,1.5,32.6,191.757,93.861,0.8
2006,Mideast,47334,7101,2518,1524,220,221,556,1061,43735,29531,56133,0.4,32.7,196.156,94.68,0.81
2007,Mideast,47474,7468,2644,1615,236,235,589,1105,46178,30734,56542,0.4,32.7,197.541,96.178,0.78
2008,Mideast,47685,7711,2708,1695,249,251,605,1129,47533,31439,56068,-1.2,32.5,193.44,96.951,0.77
2009,Mideast,47944,8068,2876,1747,259,266,617,1187,46227,30638,55507,-0.2,31.9,179.559,100,0.76
2010,Mideast,48212,8332,2999,1775,271,284,643,1187,47358,31582,56662,2.9,32.3,179.413,103.278,0.75
2011,Mideast,48477,8570,3085,1849,282,291,651,1203,49735,32764,56728,0.2,32.4,183.109,103.422,0.72
2012,Mideast,48690,8731,3207,1915,292,297,645,1171,51891,33524,57660,0.6,32.5,187.157,104.341,0.72
2013,Mideast,48860,8964,3321,1961,299,313,645,1229,52227,34292,57721,0.5,32.5,190.307,104.656,0.75
2014,Mideast,48995,9370,3433,2033,310,335,650,1360,54056,35632,58443,0.6,32.5,194.555,105.729,0.74
2003,Minnesota,5054,5692,1823,1363,166,140,437,702,35174,25792,49769,2.5,32.7,186.157,89.182,0.81
2004,Minnesota,5088,6025,1970,1399,187,163,446,746,37048,27080,51256,2.6,32.7,188.63,91.953,0.82
2005,Minnesota,5120,6332,2141,1448,190,197,465,780,37775,27831,52246,1.5,32.6,191.757,93.861,0.8
2006,Minnesota,5164,6663,2282,1514,197,218,470,852,39407,28642,51598,0.4,32.7,196.156,94.68,0.81
2007,Minnesota,5207,7038,2403,1589,210,252,497,885,41258,29396,51351,0.4,32.7,197.541,96.178,0.78
2008,Minnesota,5247,7230,2496,1596,218,293,512,880,42980,30079,51234,-1.2,32.5,193.44,96.951,0.77
2009,Minnesota,5281,7521,2669,1618,218,345,532,881,40739,29105,48884,-0.2,31.9,179.559,100,0.76
2010,Minnesota,5311,7782,2796,1670,227,372,534,885,42119,29823,50148,2.9,32.3,179.413,103.278,0.75
2011,Minnesota,5349,7968,2959,1643,231,398,544,886,44617,31171,50875,0.2,32.4,183.109,103.422,0.72
2012,Minnesota,5380,8177,3057,1694,249,433,561,873,47213,31982,51272,0.6,32.5,187.157,104.341,0.72
2013,Minnesota,5419,8465,3232,1715,255,468,569,899,47253,32717,51999,0.5,32.5,190.307,104.656,0.75
2014,Minnesota,5453,8871,3373,1759,270,524,585,955,49243,33790,53105,0.6,32.5,194.555,105.729,0.74
2003,Mississippi,2868,4708,1930,1079,92,107,286,721,23862,16752,30139,2.5,32.7,186.157,89.182,0.81
2004,Mississippi,2889,5091,2106,1084,107,137,324,796,25061,17561,30509,2.6,32.7,188.63,91.953,0.82
2005,Mississippi,2906,5387,2173,1188,109,147,356,859,26574,18693,30813,1.5,32.6,191.757,93.861,0.8
2006,Mississippi,2905,5792,2355,1273,113,157,377,924,27711,19901,31513,0.4,32.7,196.156,94.68,0.81
2007,Mississippi,2928,6175,2536,1313,129,172,409,988,29237,20213,32041,0.4,32.7,197.541,96.178,0.78
2008,Mississippi,2948,6422,2664,1367,145,178,422,977,30563,20657,33128,-1.2,32.5,193.44,96.951,0.77
2009,Mississippi,2959,6615,2715,1411,145,192,425,1026,29801,20043,31658,-0.2,31.9,179.559,100,0.76
2010,Mississippi,2970,6642,2659,1435,156,199,432,1008,30569,20771,31688,2.9,32.3,179.413,103.278,0.75
2011,Mississippi,2978,6833,2713,1498,165,211,446,1026,31757,21663,31167,0.2,32.4,183.109,103.422,0.72
2012,Mississippi,2985,7369,3107,1563,173,211,441,1067,32920,22157,31786,0.6,32.5,187.157,104.341,0.72
2013,Mississippi,2990,7362,3146,1532,177,210,440,1035,33327,22728,31923,0.5,32.5,190.307,104.656,0.75
2014,Mississippi,2992,7646,3228,1565,190,212,450,1132,34213,23220,31613,0.6,32.5,194.555,105.729,0.74
2003,Missouri,5709,5193,2141,1059,140,120,388,805,30138,22177,42043,2.5,32.7,186.157,89.182,0.81
2004,Missouri,5748,5453,2256,1098,151,123,400,851,31586,22943,42643,2.6,32.7,188.63,91.953,0.82
2005,Missouri,5790,5674,2408,1062,164,131,421,896,32430,23867,42806,1.5,32.6,191.757,93.861,0.8
2006,Missouri,5843,5812,2424,1095,171,128,427,967,34144,24656,42792,0.4,32.7,196.156,94.68,0.81
2007,Missouri,5888,6323,2729,1201,186,135,452,988,35562,25307,42561,0.4,32.7,197.541,96.178,0.78
2008,Missouri,5924,6692,2963,1241,197,153,470,1005,37289,26019,43118,-1.2,32.5,193.44,96.951,0.77
2009,Missouri,5961,6902,3036,1278,199,177,478,1041,36425,25443,42012,-0.2,31.9,179.559,100,0.76
2010,Missouri,5996,7114,3117,1336,205,189,486,1076,36732,25936,42204,2.9,32.3,179.413,103.278,0.75
2011,Missouri,6011,7441,3193,1464,213,198,506,1130,38117,26996,41598,0.2,32.4,183.109,103.422,0.72
2012,Missouri,6025,7758,3369,1513,221,215,514,1147,39851,27802,41926,0.6,32.5,187.157,104.341,0.72
2013,Missouri,6043,7860,3390,1533,225,220,521,1145,39854,28363,42487,0.5,32.5,190.307,104.656,0.75
2014,Missouri,6061,8107,3492,1542,228,227,531,1273,41122,28989,42483,0.6,32.5,194.555,105.729,0.74
2003,Montana,920,4795,1932,1097,172,90,323,556,26383,21557,33848,2.5,32.7,186.157,89.182,0.81
2004,Montana,930,5061,2081,1160,179,92,319,568,28128,22997,34870,2.6,32.7,188.63,91.953,0.82
2005,Montana,940,5432,2309,1182,193,102,334,614,29765,24478,36120,1.5,32.6,191.757,93.861,0.8
2006,Montana,953,5743,2459,1241,201,96,324,700,31809,26037,36769,0.4,32.7,196.156,94.68,0.81
2007,Montana,965,6083,2578,1307,210,106,362,753,33803,27526,38063,0.4,32.7,197.541,96.178,0.78
2008,Montana,976,6373,2712,1362,224,114,378,764,35448,28492,37636,-1.2,32.5,193.44,96.951,0.77
2009,Montana,984,6701,2911,1432,225,116,395,785,34318,27111,36667,-0.2,31.9,179.559,100,0.76
2010,Montana,991,7034,3106,1477,241,119,403,783,35458,27973,37733,2.9,32.3,179.413,103.278,0.75
2011,Montana,998,7301,3239,1562,259,129,401,784,37781,29097,38542,0.2,32.4,183.109,103.422,0.72
2012,Montana,1005,7645,3390,1620,279,146,406,793,39820,30048,38537,0.6,32.5,187.157,104.341,0.72
2013,Montana,1014,7994,3664,1619,287,153,413,814,39509,30934,38476,0.5,32.5,190.307,104.656,0.75
2014,Montana,1023,8221,3722,1658,303,151,422,865,40745,32266,39174,0.6,32.5,194.555,105.729,0.74
2003,Nebraska,1739,5223,2090,1120,171,50,455,716,32253,21673,44904,2.5,32.7,186.157,89.182,0.81
2004,Nebraska,1749,5596,2231,1221,176,54,465,797,33444,22905,45488,2.6,32.7,188.63,91.953,0.82
2005,Nebraska,1761,5956,2453,1230,191,67,498,836,34130,24051,46062,1.5,32.6,191.757,93.861,0.8
2006,Nebraska,1773,6374,2671,1321,200,68,498,909,35512,24978,47056,0.4,32.7,196.156,94.68,0.81
2007,Nebraska,1783,6663,2750,1395,214,74,531,958,38082,26016,47501,0.4,32.7,197.541,96.178,0.78
2008,Nebraska,1796,6981,2897,1496,238,82,530,964,40248,26705,47770,-1.2,32.5,193.44,96.951,0.77
2009,Nebraska,1813,7193,3001,1506,251,85,541,1001,39226,25919,47973,-0.2,31.9,179.559,100,0.76
2010,Nebraska,1830,7524,3148,1557,260,90,563,1042,40518,26694,49569,2.9,32.3,179.413,103.278,0.75
2011,Nebraska,1842,7715,3175,1672,280,86,585,1075,44866,27882,51360,0.2,32.4,183.109,103.422,0.72
2012,Nebraska,1856,7979,3265,1733,311,93,591,1108,46066,28600,50631,0.6,32.5,187.157,104.341,0.72
2013,Nebraska,1869,8133,3341,1745,294,98,598,1155,45876,29330,51565,0.5,32.5,190.307,104.656,0.75
2014,Nebraska,1881,8412,3492,1758,296,97,605,1242,48419,30390,53101,0.6,32.5,194.555,105.729,0.74
2003,Nevada,2249,4398,1365,1385,149,90,138,758,33405,22551,49271,2.5,32.7,186.157,89.182,0.81
2004,Nevada,2346,4701,1480,1480,161,106,148,789,35679,24061,52310,2.6,32.7,188.63,91.953,0.82
2005,Nevada,2432,4932,1541,1564,164,122,156,830,38637,25838,54790,1.5,32.6,191.757,93.861,0.8
2006,Nevada,2523,5150,1618,1585,172,130,151,911,39930,27282,54797,0.4,32.7,196.156,94.68,0.81
2007,Nevada,2601,5430,1753,1610,187,151,168,943,40137,27961,52818,0.4,32.7,197.541,96.178,0.78
2008,Nevada,2654,5618,1889,1624,203,164,182,940,38815,27773,49286,-1.2,32.5,193.44,96.951,0.77
2009,Nevada,2685,5700,1926,1647,215,184,193,923,36280,26030,44774,-0.2,31.9,179.559,100,0.76
2010,Nevada,2703,5790,1971,1640,230,200,207,894,36820,26645,44589,2.9,32.3,179.413,103.278,0.75
2011,Nevada,2718,5959,2038,1677,231,221,224,899,37986,27698,44555,0.2,32.4,183.109,103.422,0.72
2012,Nevada,2753,6026,2032,1696,247,238,242,886,39211,28262,43382,0.6,32.5,187.157,104.341,0.72
2013,Nevada,2786,6275,2206,1748,262,240,248,866,38939,28879,43075,0.5,32.5,190.307,104.656,0.75
2014,Nevada,2833,6714,2376,1872,273,233,250,966,40718,29648,43067,0.6,32.5,194.555,105.729,0.74
2003,New England,14182,6259,2179,1366,196,205,585,823,39859,27652,53454,2.5,32.7,186.157,89.182,0.81
2004,New England,14207,6719,2343,1458,209,222,606,901,41838,29333,55270,2.6,32.7,188.63,91.953,0.82
2005,New England,14217,7133,2475,1523,216,239,641,1007,43644,31063,56153,1.5,32.6,191.757,93.861,0.8
2006,New England,14246,7605,2717,1618,224,252,662,1038,46858,32500,57086,0.4,32.7,196.156,94.68,0.81
2007,New England,14279,8087,2901,1718,241,265,710,1079,49201,33430,58158,0.4,32.7,197.541,96.178,0.78
2008,New England,14340,8464,3040,1810,256,292,722,1100,51278,34105,57544,-1.2,32.5,193.44,96.951,0.77
2009,New England,14404,8903,3259,1882,267,314,722,1134,50537,33058,55896,-0.2,31.9,179.559,100,0.76
2010,New England,14469,9102,3407,1915,273,332,718,1114,52060,33907,56771,2.9,32.3,179.413,103.278,0.75
2011,New England,14528,9301,3495,1992,280,358,720,1130,54056,34996,56886,0.2,32.4,183.109,103.422,0.72
2012,New England,14581,9578,3608,2066,288,383,721,1136,55728,35764,57196,0.6,32.5,187.157,104.341,0.72
2013,New England,14635,9807,3701,2089,294,408,720,1190,55517,36570,56721,0.5,32.5,190.307,104.656,0.75
2014,New England,14683,10119,3780,2138,307,449,724,1302,57461,38065,57099,0.6,32.5,194.555,105.729,0.74
2003,New Hampshire,1280,5227,1828,1255,164,139,408,723,37603,28001,46621,2.5,32.7,186.157,89.182,0.81
2004,New Hampshire,1290,5732,1995,1417,177,144,432,780,39613,29738,47472,2.6,32.7,188.63,91.953,0.82
2005,New Hampshire,1298,6271,2188,1509,187,148,461,926,40922,31304,48357,1.5,32.6,191.757,93.861,0.8
2006,New Hampshire,1308,6733,2466,1580,194,156,473,956,43763,32618,48857,0.4,32.7,196.156,94.68,0.81
2007,New Hampshire,1313,7194,2688,1685,214,167,497,993,45199,33420,48618,0.4,32.7,197.541,96.178,0.78
2008,New Hampshire,1316,7574,2830,1781,234,179,524,1008,46365,34149,47842,-1.2,32.5,193.44,96.951,0.77
2009,New Hampshire,1316,8134,3151,1882,250,192,535,1050,45742,33278,47265,-0.2,31.9,179.559,100,0.76
2010,New Hampshire,1317,8466,3363,1951,251,200,548,1038,47148,33985,48388,2.9,32.3,179.413,103.278,0.75
2011,New Hampshire,1318,8766,3456,2057,259,204,566,1061,49557,35387,48504,0.2,32.4,183.109,103.422,0.72
2012,New Hampshire,1321,9048,3542,2124,257,216,575,1080,51834,36205,48652,0.6,32.5,187.157,104.341,0.72
2013,New Hampshire,1323,9369,3674,2176,254,217,579,1154,51608,37276,48871,0.5,32.5,190.307,104.656,0.75
2014,New Hampshire,1329,9589,3771,2227,263,228,584,1222,52398,38611,49544,0.6,32.5,194.555,105.729,0.74
2003,New Jersey,8601,5679,1880,1414,200,160,409,918,42211,29270,55897,2.5,32.7,186.157,89.182,0.81
2004,New Jersey,8635,6006,1952,1491,217,170,447,984,43907,30627,56261,2.6,32.7,188.63,91.953,0.82
2005,New Jersey,8652,6434,2032,1614,229,178,468,1125,45354,32185,56768,1.5,32.6,191.757,93.861,0.8
2006,New Jersey,8662,6727,2125,1683,238,172,483,1152,48360,34065,57666,0.4,32.7,196.156,94.68,0.81
2007,New Jersey,8678,7098,2222,1858,259,178,527,1176,50570,35197,57860,0.4,32.7,197.541,96.178,0.78
2008,New Jersey,8711,7319,2226,1960,274,192,556,1197,52330,35751,57784,-1.2,32.5,193.44,96.951,0.77
2009,New Jersey,8756,7727,2485,2011,289,206,564,1254,50567,34695,55067,-0.2,31.9,179.559,100,0.76
2010,New Jersey,8804,7778,2519,2020,302,220,563,1209,51330,35544,55023,2.9,32.3,179.413,103.278,0.75
2011,New Jersey,8841,7947,2536,2111,317,228,561,1200,53583,36614,54302,0.2,32.4,183.109,103.422,0.72
2012,New Jersey,8873,8269,2748,2212,331,239,567,1179,55291,37418,55161,0.6,32.5,187.157,104.341,0.72
2013,New Jersey,8899,8444,2822,2284,350,241,565,1209,55515,38218,55750,0.5,32.5,190.307,104.656,0.75
2014,New Jersey,8925,8859,2915,2369,361,244,565,1355,57634,39526,55677,0.6,32.5,194.555,105.729,0.74
2003,New Mexico,1878,4218,1580,963,151,135,184,574,25861,19995,39578,2.5,32.7,186.157,89.182,0.81
2004,New Mexico,1904,4603,1732,1051,161,141,192,614,27182,21130,41558,2.6,32.7,188.63,91.953,0.82
2005,New Mexico,1932,5021,1982,1087,170,159,202,635,28755,22292,41193,1.5,32.6,191.757,93.861,0.8
2006,New Mexico,1962,5258,2015,1160,181,180,203,682,30364,23529,41206,0.4,32.7,196.156,94.68,0.81
2007,New Mexico,1990,5572,2156,1226,197,202,217,717,31703,24460,40694,0.4,32.7,197.541,96.178,0.78
2008,New Mexico,2011,5916,2426,1267,209,207,228,693,33447,25244,41207,-1.2,32.5,193.44,96.951,0.77
2009,New Mexico,2037,6214,2623,1362,216,220,234,700,32523,24186,40670,-0.2,31.9,179.559,100,0.76
2010,New Mexico,2065,6439,2777,1374,229,230,237,697,33109,24648,40297,2.9,32.3,179.413,103.278,0.75
2011,New Mexico,2078,6567,2791,1479,241,230,259,698,34737,25595,40167,0.2,32.4,183.109,103.422,0.72
2012,New Mexico,2084,6771,2889,1552,262,224,266,690,35427,26246,40094,0.6,32.5,187.157,104.341,0.72
2013,New Mexico,2085,6860,2973,1560,260,226,277,669,34752,26864,39659,0.5,32.5,190.307,104.656,0.75
2014,New Mexico,2083,7214,3166,1591,268,250,283,748,36770,27828,40814,0.6,32.5,194.555,105.729,0.74
2003,New York,19176,6388,2224,1269,195,300,528,869,37755,24590,54756,2.5,32.7,186.157,89.182,0.81
2004,New York,19172,6783,2379,1317,207,315,546,966,39622,25994,56259,2.6,32.7,188.63,91.953,0.82
2005,New York,19133,7096,2487,1376,214,327,561,1018,41457,27735,58502,1.5,32.6,191.757,93.861,0.8
2006,New York,19105,7518,2675,1487,219,332,563,1048,44448,29228,59961,0.4,32.7,196.156,94.68,0.81
2007,New York,19132,7872,2792,1532,235,354,585,1099,47467,30578,60018,0.4,32.7,197.541,96.178,0.78
2008,New York,19212,8098,2842,1590,249,371,602,1140,48296,31370,58532,-1.2,32.5,193.44,96.951,0.77
2009,New York,19307,8542,3052,1646,262,384,613,1214,46916,30570,59481,-0.2,31.9,179.559,100,0.76
2010,New York,19403,8795,3165,1673,272,409,620,1239,48152,31632,61267,2.9,32.3,179.413,103.278,0.75
2011,New York,19520,9016,3226,1731,280,415,634,1276,50788,32969,61185,0.2,32.4,183.109,103.422,0.72
2012,New York,19603,9076,3362,1769,284,410,619,1217,53751,33850,62841,0.6,32.5,187.157,104.341,0.72
2013,New York,19674,9351,3501,1814,287,443,615,1289,54496,34719,62444,0.5,32.5,190.307,104.656,0.75
2014,New York,19719,9778,3633,1873,299,478,619,1435,56268,36483,63372,0.6,32.5,194.555,105.729,0.74
2003,North Carolina,8423,4900,1769,1121,127,149,338,818,28535,19384,42871,2.5,32.7,186.157,89.182,0.81
2004,North Carolina,8553,5265,1899,1188,142,170,364,878,30611,20318,43866,2.6,32.7,188.63,91.953,0.82
2005,North Carolina,8705,5559,1989,1260,154,185,389,911,32238,21512,45042,1.5,32.6,191.757,93.861,0.8
2006,North Carolina,8917,5853,2108,1292,165,185,397,956,34112,22321,46408,0.4,32.7,196.156,94.68,0.81
2007,North Carolina,9118,6014,2135,1303,182,193,425,972,36013,23263,45440,0.4,32.7,197.541,96.178,0.78
2008,North Carolina,9309,6213,2171,1358,192,196,428,1003,37810,23318,45567,-1.2,32.5,193.44,96.951,0.77
2009,North Carolina,9450,6533,2321,1403,201,205,436,1052,35840,22395,43160,-0.2,31.9,179.559,100,0.76
2010,North Carolina,9559,6615,2424,1431,200,201,447,1053,35331,23245,43141,2.9,32.3,179.413,103.278,0.75
2011,North Carolina,9651,6808,2536,1492,204,198,455,1073,36474,24014,43223,0.2,32.4,183.109,103.422,0.72
2012,North Carolina,9746,7073,2727,1571,211,191,450,1100,38600,24745,42659,0.6,32.5,187.157,104.341,0.72
2013,North Carolina,9842,7027,2682,1572,212,193,449,1139,37813,25430,42945,0.5,32.5,190.307,104.656,0.75
2014,North Carolina,9934,7264,2779,1612,221,195,453,1238,39558,26487,43442,0.6,32.5,194.555,105.729,0.74
2003,North Dakota,639,5524,2218,1090,123,31,503,797,29616,22052,40213,2.5,32.7,186.157,89.182,0.81
2004,North Dakota,645,5880,2343,1172,130,36,512,861,29775,23209,40099,2.6,32.7,188.63,91.953,0.82
2005,North Dakota,646,6205,2489,1212,138,42,539,934,31521,24555,41272,1.5,32.6,191.757,93.861,0.8
2006,North Dakota,649,6573,2635,1254,142,45,556,1056,32801,25931,42762,0.4,32.7,196.156,94.68,0.81
2007,North Dakota,653,7010,2778,1362,151,50,587,1148,36325,27336,44385,0.4,32.7,197.541,96.178,0.78
2008,North Dakota,658,7439,2978,1457,168,52,604,1167,41213,28759,48379,-1.2,32.5,193.44,96.951,0.77
2009,North Dakota,665,7919,3370,1451,180,51,647,1147,40134,28487,48858,-0.2,31.9,179.559,100,0.76
2010,North Dakota,675,8325,3473,1525,200,52,691,1178,43661,30461,52185,2.9,32.3,179.413,103.278,0.75
2011,North Dakota,685,8758,3803,1564,215,63,709,1130,48589,33404,57066,0.2,32.4,183.109,103.422,0.72
2012,North Dakota,702,8977,3910,1677,228,67,704,1075,56188,36852,68105,0.6,32.5,187.157,104.341,0.72
2013,North Dakota,724,9385,4215,1686,244,70,726,1104,55657,38539,67651,0.5,32.5,190.307,104.656,0.75
2014,North Dakota,740,9851,4479,1713,260,72,745,1175,58104,40783,70986,0.6,32.5,194.555,105.729,0.74
2003,Ohio,11435,5429,1987,1206,151,140,507,785,30393,21947,43445,2.5,32.7,186.157,89.182,0.81
2004,Ohio,11452,5793,2172,1262,161,152,524,823,31671,22641,44434,2.6,32.7,188.63,91.953,0.82
2005,Ohio,11463,6125,2389,1301,166,167,546,834,32523,23577,44684,1.5,32.6,191.757,93.861,0.8
2006,Ohio,11481,6387,2546,1328,171,173,555,884,34148,24272,44532,0.4,32.7,196.156,94.68,0.81
2007,Ohio,11500,6660,2646,1393,176,187,590,905,35488,25178,44399,0.4,32.7,197.541,96.178,0.78
2008,Ohio,11515,6846,2729,1448,189,200,594,894,36681,25448,43548,-1.2,32.5,193.44,96.951,0.77
2009,Ohio,11529,7322,3085,1490,196,218,589,913,35610,24648,41593,-0.2,31.9,179.559,100,0.76
2010,Ohio,11541,7525,3189,1534,192,232,589,905,36355,25357,42667,2.9,32.3,179.413,103.278,0.75
2011,Ohio,11545,7652,3196,1587,200,240,595,938,38816,26498,44192,0.2,32.4,183.109,103.422,0.72
2012,Ohio,11551,8072,3494,1689,218,245,594,926,40269,27210,44896,0.6,32.5,187.157,104.341,0.72
2013,Ohio,11570,8286,3650,1698,222,251,601,944,40687,27800,45254,0.5,32.5,190.307,104.656,0.75
2014,Ohio,11594,8712,3809,1779,233,259,605,1023,42197,28621,46662,0.6,32.5,194.555,105.729,0.74
2003,Oklahoma,3505,4751,1820,1144,131,128,308,663,26720,18096,35780,2.5,32.7,186.157,89.182,0.81
2004,Oklahoma,3525,4971,1882,1155,145,142,322,736,28676,18984,36634,2.6,32.7,188.63,91.953,0.82
2005,Oklahoma,3549,5366,2090,1232,149,164,339,775,31062,20219,37662,1.5,32.6,191.757,93.861,0.8
2006,Oklahoma,3594,5680,2178,1298,166,173,327,878,34019,21408,39391,0.4,32.7,196.156,94.68,0.81
2007,Oklahoma,3634,6033,2289,1379,171,196,352,941,35133,22200,39716,0.4,32.7,197.541,96.178,0.78
2008,Oklahoma,3669,6366,2419,1416,185,216,381,986,38744,23047,40048,-1.2,32.5,193.44,96.951,0.77
2009,Oklahoma,3718,6504,2460,1444,191,228,380,1028,34920,21997,38640,-0.2,31.9,179.559,100,0.76
2010,Oklahoma,3760,6648,2585,1447,204,235,363,1042,35911,22596,38303,2.9,32.3,179.413,103.278,0.75
2011,Oklahoma,3786,6921,2728,1529,218,228,364,1063,38459,23803,39961,0.2,32.4,183.109,103.422,0.72
2012,Oklahoma,3817,7175,2868,1553,234,221,389,1103,41098,24498,41861,0.6,32.5,187.157,104.341,0.72
2013,Oklahoma,3852,7293,2964,1582,245,201,397,1088,42684,25044,43288,0.5,32.5,190.307,104.656,0.75
2014,Oklahoma,3877,7627,3118,1651,260,195,408,1180,45186,25960,45414,0.6,32.5,194.555,105.729,0.74
2003,Oregon,3547,4677,1553,1292,174,64,242,561,29832,22925,38870,2.5,32.7,186.157,89.182,0.81
2004,Oregon,3569,5034,1682,1412,188,77,270,575,31436,24406,42196,2.6,32.7,188.63,91.953,0.82
2005,Oregon,3613,5395,1826,1510,204,82,295,611,32421,25632,42558,1.5,32.6,191.757,93.861,0.8
2006,Oregon,3671,5742,1934,1610,215,87,305,684,34721,26951,45752,0.4,32.7,196.156,94.68,0.81
2007,Oregon,3722,5981,2032,1585,237,112,332,729,35858,27804,46504,0.4,32.7,197.541,96.178,0.78
2008,Oregon,3769,6206,2103,1651,253,118,355,740,37149,27815,48508,-1.2,32.5,193.44,96.951,0.77
2009,Oregon,3809,6484,2266,1632,259,125,383,753,35409,26547,47530,-0.2,31.9,179.559,100,0.76
2010,Oregon,3838,6729,2435,1652,272,126,401,742,35692,27171,49601,2.9,32.3,179.413,103.278,0.75
2011,Oregon,3868,6971,2513,1725,285,129,424,760,37392,28213,51266,0.2,32.4,183.109,103.422,0.72
2012,Oregon,3899,7119,2586,1744,305,141,438,761,39109,28794,49395,0.6,32.5,187.157,104.341,0.72
2013,Oregon,3926,7467,2699,1802,320,157,445,788,39521,29657,48094,0.5,32.5,190.307,104.656,0.75
2014,Oregon,3968,8044,2940,1879,330,167,467,882,41785,30961,48466,0.6,32.5,194.555,105.729,0.74
2003,Pennsylvania,12375,5813,2005,1257,183,122,551,888,32963,22998,43553,2.5,32.7,186.157,89.182,0.81
2004,Pennsylvania,12411,6191,2156,1336,200,127,569,955,34916,24075,44585,2.6,32.7,188.63,91.953,0.82
2005,Pennsylvania,12450,6596,2356,1394,208,136,590,1008,36247,25179,45035,1.5,32.6,191.757,93.861,0.8
2006,Pennsylvania,12511,6880,2513,1420,213,137,620,1048,38060,26257,45021,0.4,32.7,196.156,94.68,0.81
2007,Pennsylvania,12564,7246,2651,1526,229,149,657,1093,40302,27275,46330,0.4,32.7,197.541,96.178,0.78
2008,Pennsylvania,12612,7489,2735,1617,236,162,658,1107,41932,28057,46862,-1.2,32.5,193.44,96.951,0.77
2009,Pennsylvania,12667,7701,2799,1668,239,174,667,1150,40696,27467,45312,-0.2,31.9,179.559,100,0.76
2010,Pennsylvania,12712,8121,2992,1704,258,188,747,1150,42001,28340,46387,2.9,32.3,179.413,103.278,0.75
2011,Pennsylvania,12744,8432,3136,1786,271,198,754,1165,44021,29496,46872,0.2,32.4,183.109,103.422,0.72
2012,Pennsylvania,12772,8632,3205,1865,290,217,754,1158,45871,30052,47540,0.6,32.5,187.157,104.341,0.72
2013,Pennsylvania,12781,8877,3329,1901,299,221,763,1225,46121,30699,48278,0.5,32.5,190.307,104.656,0.75
2014,Pennsylvania,12791,9258,3416,1967,308,244,774,1345,47977,31560,49214,0.6,32.5,194.555,105.729,0.74
2003,Plains,19569,5331,1976,1202,153,103,425,740,31517,22570,43961,2.5,32.7,186.157,89.182,0.81
2004,Plains,19688,5636,2106,1248,167,113,438,787,33041,23669,45031,2.6,32.7,188.63,91.953,0.82
2005,Plains,19803,5931,2274,1265,177,127,461,831,33990,24615,45733,1.5,32.6,191.757,93.861,0.8
2006,Plains,19957,6210,2391,1314,183,133,466,906,35835,25565,46013,0.4,32.7,196.156,94.68,0.81
2007,Plains,20106,6593,2561,1393,196,147,495,939,37896,26389,46501,0.4,32.7,197.541,96.178,0.78
2008,Plains,20249,6877,2711,1441,209,166,510,944,40075,27126,46794,-1.2,32.5,193.44,96.951,0.77
2009,Plains,20393,7126,2840,1467,213,189,525,962,38560,26395,45399,-0.2,31.9,179.559,100,0.76
2010,Plains,20538,7360,2953,1512,222,201,533,981,39387,27028,46209,2.9,32.3,179.413,103.278,0.75
2011,Plains,20646,7627,3065,1570,230,212,552,1017,42030,28274,46921,0.2,32.4,183.109,103.422,0.72
2012,Plains,20760,7896,3202,1615,245,233,564,1031,44170,29100,47634,0.6,32.5,187.157,104.341,0.72
2013,Plains,20883,8054,3292,1620,250,243,571,1041,44380,29797,48068,0.5,32.5,190.307,104.656,0.75
2014,Plains,20995,8379,3431,1651,257,262,585,1131,45903,30734,48975,0.6,32.5,194.555,105.729,0.74
2003,Rhode Island,1071,6026,2080,1139,157,114,566,942,34272,23727,44625,2.5,32.7,186.157,89.182,0.81
2004,Rhode Island,1075,6498,2258,1227,176,123,583,1008,35757,25121,46310,2.6,32.7,188.63,91.953,0.82
2005,Rhode Island,1068,7020,2374,1370,188,147,620,1153,36927,26738,47176,1.5,32.6,191.757,93.861,0.8
2006,Rhode Island,1063,7351,2548,1430,209,163,636,1138,39106,28048,48259,0.4,32.7,196.156,94.68,0.81
2007,Rhode Island,1057,7751,2693,1475,234,188,668,1166,40912,29063,47137,0.4,32.7,197.541,96.178,0.78
2008,Rhode Island,1055,8079,2894,1546,250,197,673,1191,41977,29671,45746,-1.2,32.5,193.44,96.951,0.77
2009,Rhode Island,1054,8393,3069,1601,259,211,671,1239,40936,28843,45280,-0.2,31.9,179.559,100,0.76
2010,Rhode Island,1053,8569,3189,1623,270,222,685,1216,42744,29458,46332,2.9,32.3,179.413,103.278,0.75
2011,Rhode Island,1052,8782,3321,1678,285,229,705,1215,44316,30198,46010,0.2,32.4,183.109,103.422,0.72
2012,Rhode Island,1053,8961,3396,1746,295,237,723,1235,46159,30714,46188,0.6,32.5,187.157,104.341,0.72
2013,Rhode Island,1053,9160,3469,1772,300,243,738,1263,46316,31381,46356,0.5,32.5,190.307,104.656,0.75
2014,Rhode Island,1054,9551,3617,1855,311,252,742,1411,47845,32618,46723,0.6,32.5,194.555,105.729,0.74
2003,Rocky Mountains,9675,4394,1550,1139,177,88,228,568,30702,23129,44133,2.5,32.7,186.157,89.182,0.81
2004,Rocky Mountains,9808,4660,1670,1194,185,95,236,589,31860,24375,44273,2.6,32.7,188.63,91.953,0.82
2005,Rocky Mountains,9972,4870,1762,1226,188,103,255,623,33725,25784,45662,1.5,32.6,191.757,93.861,0.8
2006,Rocky Mountains,10190,5155,1877,1301,193,103,254,689,36027,27095,46756,0.4,32.7,196.156,94.68,0.81
2007,Rocky Mountains,10406,5415,1986,1321,205,121,275,725,37760,28103,47587,0.4,32.7,197.541,96.178,0.78
2008,Rocky Mountains,10610,5599,2083,1356,220,126,292,712,38717,28355,47019,-1.2,32.5,193.44,96.951,0.77
2009,Rocky Mountains,10794,5790,2228,1373,222,139,308,696,36244,26915,45170,-0.2,31.9,179.559,100,0.76
2010,Rocky Mountains,10950,5941,2349,1381,233,146,318,668,36541,27377,44936,2.9,32.3,179.413,103.278,0.75
2011,Rocky Mountains,11084,6108,2438,1414,252,154,332,674,39093,28482,45066,0.2,32.4,183.109,103.422,0.72
2012,Rocky Mountains,11224,6321,2550,1434,264,165,340,679,41105,29215,45025,0.6,32.5,187.157,104.341,0.72
2013,Rocky Mountains,11379,6493,2682,1444,277,172,343,676,42154,29972,45585,0.5,32.5,190.307,104.656,0.75
2014,Rocky Mountains,11532,6814,2833,1504,294,180,346,743,44521,31247,46655,0.6,32.5,194.555,105.729,0.74
2003,South Carolina,4150,4834,1883,1155,103,102,265,762,26575,19453,37283,2.5,32.7,186.157,89.182,0.81
2004,South Carolina,4211,5138,1972,1250,114,108,278,808,27814,20576,37124,2.6,32.7,188.63,91.953,0.82
2005,South Carolina,4270,5403,2065,1266,124,115,309,898,28958,21749,37397,1.5,32.6,191.757,93.861,0.8
2006,South Carolina,4358,5654,2165,1327,134,121,330,943,30577,22763,37326,0.4,32.7,196.156,94.68,0.81
2007,South Carolina,4444,5889,2276,1359,147,132,358,963,31956,23548,37724,0.4,32.7,197.541,96.178,0.78
2008,South Carolina,4529,6159,2425,1390,160,149,361,972,32877,23815,36834,-1.2,32.5,193.44,96.951,0.77
2009,South Carolina,4590,6363,2560,1400,165,163,365,1021,31635,22836,34955,-0.2,31.9,179.559,100,0.76
2010,South Carolina,4636,6554,2669,1409,168,173,384,1036,32160,23669,35126,2.9,32.3,179.413,103.278,0.75
2011,South Carolina,4673,6707,2727,1466,174,179,390,1054,33804,24512,35609,0.2,32.4,183.109,103.422,0.72
2012,South Carolina,4721,6853,2769,1503,189,193,385,1080,35248,25004,35346,0.6,32.5,187.157,104.341,0.72
2013,South Carolina,4768,7020,2837,1560,201,211,376,1112,35292,25544,35701,0.5,32.5,190.307,104.656,0.75
2014,South Carolina,4828,7311,2933,1618,204,219,383,1193,37014,26324,36301,0.6,32.5,194.555,105.729,0.74
2003,South Dakota,764,5180,2144,1195,141,26,493,592,30278,20729,40909,2.5,32.7,186.157,89.182,0.81
2004,South Dakota,770,5425,2275,1203,158,30,508,615,32168,22163,42046,2.6,32.7,188.63,91.953,0.82
2005,South Dakota,775,5885,2594,1191,171,38,523,676,33772,23470,42762,1.5,32.6,191.757,93.861,0.8
2006,South Dakota,783,6257,2824,1300,174,45,485,724,35203,24541,42825,0.4,32.7,196.156,94.68,0.81
2007,South Dakota,792,6579,2930,1369,184,46,502,760,38729,25783,44017,0.4,32.7,197.541,96.178,0.78
2008,South Dakota,799,6953,3138,1450,196,54,527,760,41311,26629,45516,-1.2,32.5,193.44,96.951,0.77
2009,South Dakota,807,7335,3391,1514,202,63,554,761,39524,25759,45457,-0.2,31.9,179.559,100,0.76
2010,South Dakota,816,7704,3648,1553,222,57,557,774,41063,26774,45605,2.9,32.3,179.413,103.278,0.75
2011,South Dakota,824,8065,3853,1603,226,76,566,819,44628,27954,47972,0.2,32.4,183.109,103.422,0.72
2012,South Dakota,834,8335,4000,1622,238,74,572,854,45041,28456,46965,0.6,32.5,187.157,104.341,0.72
2013,South Dakota,845,8547,4169,1616,245,80,573,881,44630,29165,46869,0.5,32.5,190.307,104.656,0.75
2014,South Dakota,853,8933,4415,1635,256,93,574,949,45921,30022,46874,0.6,32.5,194.555,105.729,0.74
2003,Southeast,71962,4931,1750,1271,140,129,309,794,29567,20426,40912,2.5,32.7,186.157,89.182,0.81
2004,Southeast,73019,5282,1854,1358,151,145,324,865,31198,21534,41901,2.6,32.7,188.63,91.953,0.82
2005,Southeast,74148,5543,1961,1395,161,158,343,907,32877,22800,43067,1.5,32.6,191.757,93.861,0.8
2006,Southeast,75066,5838,2066,1459,167,165,357,973,34879,23992,43586,0.4,32.7,196.156,94.68,0.81
2007,Southeast,76123,6097,2148,1494,181,178,383,1009,36259,24782,43028,0.4,32.7,197.541,96.178,0.78
2008,Southeast,77058,6306,2206,1564,194,191,394,1027,37072,24940,42092,-1.2,32.5,193.44,96.951,0.77
2009,Southeast,77815,6572,2349,1601,201,203,403,1069,35595,24039,40346,-0.2,31.9,179.559,100,0.76
2010,Southeast,78566,6710,2431,1618,208,208,413,1065,36392,24778,40674,2.9,32.3,179.413,103.278,0.75
2011,Southeast,79257,6862,2472,1683,215,211,429,1075,38067,25771,40476,0.2,32.4,183.109,103.422,0.72
2012,Southeast,79968,7116,2627,1751,223,212,428,1076,39216,26329,40421,0.6,32.5,187.157,104.341,0.72
2013,Southeast,80593,7232,2695,1776,228,215,428,1077,39066,26960,40539,0.5,32.5,190.307,104.656,0.75
2014,Southeast,81313,7562,2807,1857,238,219,429,1178,40842,27848,40917,0.6,32.5,194.555,105.729,0.74
2003,Southwest,32924,4407,1628,1163,131,142,214,608,28966,20773,42519,2.5,32.7,186.157,89.182,0.81
2004,Southwest,33475,4656,1707,1237,140,156,223,646,30065,21785,43687,2.6,32.7,188.63,91.953,0.82
2005,Southwest,34098,5050,1864,1361,145,174,234,695,32298,23139,44282,1.5,32.6,191.757,93.861,0.8
2006,Southwest,34945,5287,1935,1380,151,180,239,793,34593,24242,45743,0.4,32.7,196.156,94.68,0.81
2007,Southwest,35624,5540,2020,1392,162,196,257,870,36050,25086,46684,0.4,32.7,197.541,96.178,0.78
2008,Southwest,36269,5811,2136,1448,173,212,268,885,38456,25407,45914,-1.2,32.5,193.44,96.951,0.77
2009,Southwest,36899,6043,2270,1491,179,235,275,896,35779,24349,44324,-0.2,31.9,179.559,100,0.76
2010,Southwest,37477,6203,2370,1511,188,244,286,889,36689,24946,44490,2.9,32.3,179.413,103.278,0.75
2011,Southwest,37978,6357,2419,1576,197,249,297,904,39251,26252,45356,0.2,32.4,183.109,103.422,0.72
2012,Southwest,38522,6567,2549,1623,208,254,302,913,41343,27063,46909,0.6,32.5,187.157,104.341,0.72
2013,Southwest,39036,6666,2614,1634,212,245,305,910,41706,27781,48198,0.5,32.5,190.307,104.656,0.75
2014,Southwest,39625,6978,2703,1699,223,247,311,1023,44004,28897,49099,0.6,32.5,194.555,105.729,0.74
2003,Tennessee,5848,5093,1709,1331,137,109,321,951,29041,19924,40463,2.5,32.7,186.157,89.182,0.81
2004,Tennessee,5911,5523,1812,1478,152,131,338,1038,30455,20820,41777,2.6,32.7,188.63,91.953,0.82
2005,Tennessee,5991,5773,1932,1505,159,132,366,1047,31439,21770,41868,1.5,32.6,191.757,93.861,0.8
2006,Tennessee,6089,5950,2037,1519,160,146,389,1069,32950,22689,42177,0.4,32.7,196.156,94.68,0.81
2007,Tennessee,6176,6219,2130,1523,175,164,407,1116,34117,23342,41172,0.4,32.7,197.541,96.178,0.78
2008,Tennessee,6247,6305,2105,1587,178,185,408,1125,35322,23490,40949,-1.2,32.5,193.44,96.951,0.77
2009,Tennessee,6306,6499,2167,1625,177,197,424,1154,34635,22652,39096,-0.2,31.9,179.559,100,0.76
2010,Tennessee,6357,6626,2253,1675,193,207,418,1128,35653,23545,39370,2.9,32.3,179.413,103.278,0.75
2011,Tennessee,6398,6742,2288,1716,194,211,431,1132,37457,24641,40193,0.2,32.4,183.109,103.422,0.72
2012,Tennessee,6454,7007,2448,1791,203,206,425,1137,38778,25037,41091,0.6,32.5,187.157,104.341,0.72
2013,Tennessee,6495,7106,2540,1813,209,206,412,1115,38814,25543,41487,0.5,32.5,190.307,104.656,0.75
2014,Tennessee,6545,7372,2617,1880,219,214,413,1216,40128,26310,41875,0.6,32.5,194.555,105.729,0.74
2003,Texas,22031,4451,1658,1192,127,155,210,610,29789,21135,44330,2.5,32.7,186.157,89.182,0.81
2004,Texas,22394,4679,1731,1271,133,170,219,640,30551,22048,45691,2.6,32.7,188.63,91.953,0.82
2005,Texas,22778,5060,1851,1426,136,190,231,694,32793,23395,45966,1.5,32.6,191.757,93.861,0.8
2006,Texas,23360,5276,1927,1426,140,198,239,799,35008,24342,47595,0.4,32.7,196.156,94.68,0.81
2007,Texas,23832,5495,2000,1408,150,215,257,887,36630,25130,48954,0.4,32.7,197.541,96.178,0.78
2008,Texas,24309,5758,2110,1460,160,233,263,904,39534,25512,48282,-1.2,32.5,193.44,96.951,0.77
2009,Texas,24802,6004,2250,1499,167,263,273,921,36695,24522,47034,-0.2,31.9,179.559,100,0.76
2010,Texas,25244,6162,2342,1518,176,277,285,913,37892,25153,47417,2.9,32.3,179.413,103.278,0.75
2011,Texas,25646,6328,2397,1571,185,283,295,928,40825,26607,48354,0.2,32.4,183.109,103.422,0.72
2012,Texas,26072,6559,2545,1621,196,290,297,941,43178,27547,50266,0.6,32.5,187.157,104.341,0.72
2013,Texas,26474,6661,2605,1628,198,280,299,949,43399,28331,52018,0.5,32.5,190.307,104.656,0.75
2014,Texas,26945,6998,2698,1695,208,282,305,1073,45878,29538,52875,0.6,32.5,194.555,105.729,0.74
2003,Utah,2360,3859,1310,918,129,98,147,650,25657,20267,39094,2.5,32.7,186.157,89.182,0.81
2004,Utah,2402,4144,1447,988,137,112,153,656,26891,21620,40089,2.6,32.7,188.63,91.953,0.82
2005,Utah,2458,4399,1551,1045,147,125,167,687,28759,23066,41657,1.5,32.6,191.757,93.861,0.8
2006,Utah,2526,4581,1595,1077,148,129,168,741,31154,24580,44004,0.4,32.7,196.156,94.68,0.81
2007,Utah,2598,4799,1668,1141,158,136,175,755,32965,25653,45293,0.4,32.7,197.541,96.178,0.78
2008,Utah,2663,4990,1796,1160,165,147,188,753,33932,25681,43375,-1.2,32.5,193.44,96.951,0.77
2009,Utah,2723,5101,1888,1178,168,162,199,731,31619,24217,41563,-0.2,31.9,179.559,100,0.76
2010,Utah,2775,5171,1949,1198,171,161,208,706,31683,24439,41500,2.9,32.3,179.413,103.278,0.75
2011,Utah,2816,5341,2039,1211,184,166,221,723,33705,25225,41992,0.2,32.4,183.109,103.422,0.72
2012,Utah,2856,5543,2133,1246,190,176,227,732,35545,26015,41929,0.6,32.5,187.157,104.341,0.72
2013,Utah,2903,5658,2169,1293,198,186,228,720,36058,26794,42267,0.5,32.5,190.307,104.656,0.75
2014,Utah,2942,5982,2351,1319,212,188,230,784,37685,27721,43145,0.6,32.5,194.555,105.729,0.74
2003,Vermont,618,5739,2156,1258,189,160,380,679,32200,25588,39886,2.5,32.7,186.157,89.182,0.81
2004,Vermont,620,6134,2306,1322,212,178,399,725,34045,27248,41165,2.6,32.7,188.63,91.953,0.82
2005,Vermont,621,6568,2565,1360,221,190,428,840,34668,28853,41588,1.5,32.6,191.757,93.861,0.8
2006,Vermont,623,6934,2885,1399,234,192,439,862,36944,30128,41754,0.4,32.7,196.156,94.68,0.81
2007,Vermont,623,7295,3070,1373,252,210,474,864,38866,31115,41472,0.4,32.7,197.541,96.178,0.78
2008,Vermont,624,7623,3262,1425,259,222,472,910,40847,32305,41764,-1.2,32.5,193.44,96.951,0.77
2009,Vermont,625,8111,3578,1455,267,227,469,941,40221,31735,40855,-0.2,31.9,179.559,100,0.76
2010,Vermont,626,8488,3796,1485,273,237,499,948,40916,32691,42170,2.9,32.3,179.413,103.278,0.75
2011,Vermont,627,8874,4011,1577,281,256,516,983,43432,34213,43124,0.2,32.4,183.109,103.422,0.72
2012,Vermont,626,9302,4257,1642,296,269,530,1022,44889,35128,43042,0.6,32.5,187.157,104.341,0.72
2013,Vermont,627,9919,4527,1706,305,284,546,1158,45592,36327,42914,0.5,32.5,190.307,104.656,0.75
2014,Vermont,627,10190,4670,1750,321,301,563,1158,47104,37709,43120,0.6,32.5,194.555,105.729,0.74
2003,Virginia,7367,4539,1646,1189,129,84,289,696,36008,24427,49191,2.5,32.7,186.157,89.182,0.81
2004,Virginia,7476,4878,1774,1264,139,89,297,772,38066,25958,50400,2.6,32.7,188.63,91.953,0.82
2005,Virginia,7577,5167,1908,1297,147,95,318,813,40319,27579,52305,1.5,32.6,191.757,93.861,0.8
2006,Virginia,7674,5462,1996,1377,156,100,334,868,42654,28812,52866,0.4,32.7,196.156,94.68,0.81
2007,Virginia,7751,5776,2117,1433,169,109,364,898,44554,29969,52657,0.4,32.7,197.541,96.178,0.78
2008,Virginia,7833,6104,2212,1526,182,119,386,911,45707,30526,51985,-1.2,32.5,193.44,96.951,0.77
2009,Virginia,7926,6452,2381,1590,188,127,409,941,44232,29736,51389,-0.2,31.9,179.559,100,0.76
2010,Virginia,8026,6610,2461,1627,196,137,416,921,45340,30539,51946,2.9,32.3,179.413,103.278,0.75
2011,Virginia,8110,6877,2539,1715,204,144,430,941,47548,31640,51754,0.2,32.4,183.109,103.422,0.72
2012,Virginia,8192,7145,2706,1791,216,151,432,943,49302,32338,51546,0.6,32.5,187.157,104.341,0.72
2013,Virginia,8263,7306,2789,1811,218,152,437,974,48490,32828,51106,0.5,32.5,190.307,104.656,0.75
2014,Virginia,8317,7556,2912,1877,225,152,438,1015,50157,33626,50879,0.6,32.5,194.555,105.729,0.74
2003,Washington,6104,4867,1642,1351,203,73,289,618,34471,24718,49149,2.5,32.7,186.157,89.182,0.81
2004,Washington,6179,5127,1736,1418,216,92,292,647,36660,26118,49407,2.6,32.7,188.63,91.953,0.82
2005,Washington,6257,5450,1856,1503,231,99,310,679,37759,27392,51956,1.5,32.6,191.757,93.861,0.8
2006,Washington,6371,5729,1953,1560,242,109,313,759,40357,28776,52900,0.4,32.7,196.156,94.68,0.81
2007,Washington,6462,6128,2146,1623,262,123,336,796,43192,29941,55348,0.4,32.7,197.541,96.178,0.78
2008,Washington,6562,6487,2336,1699,276,139,361,790,44794,30271,54939,-1.2,32.5,193.44,96.951,0.77
2009,Washington,6667,6838,2554,1793,287,142,380,785,41844,29075,52264,-0.2,31.9,179.559,100,0.76
2010,Washington,6743,6981,2649,1824,294,146,398,750,42194,29680,52679,2.9,32.3,179.413,103.278,0.75
2011,Washington,6823,7119,2724,1868,297,153,423,747,44202,30805,52500,0.2,32.4,183.109,103.422,0.72
2012,Washington,6895,7461,2949,1900,300,168,449,737,47338,31786,53439,0.6,32.5,187.157,104.341,0.72
2013,Washington,6968,7609,3003,1924,314,172,453,740,47814,32664,54161,0.5,32.5,190.307,104.656,0.75
2014,Washington,7054,7913,3090,2064,324,188,462,795,50890,33923,55197,0.6,32.5,194.555,105.729,0.74
2003,West Virginia,1812,5643,2260,1225,134,114,358,857,24834,17773,32396,2.5,32.7,186.157,89.182,0.81
2004,West Virginia,1816,6034,2434,1272,144,125,389,935,25595,18775,32862,2.6,32.7,188.63,91.953,0.82
2005,West Virginia,1820,6396,2630,1297,149,135,433,982,26593,19641,33628,1.5,32.6,191.757,93.861,0.8
2006,West Virginia,1828,6706,2754,1323,151,138,453,1107,28406,20594,34009,0.4,32.7,196.156,94.68,0.81
2007,West Virginia,1834,7086,2921,1361,158,150,493,1176,29323,21247,33892,0.4,32.7,197.541,96.178,0.78
2008,West Virginia,1840,7326,2999,1416,172,172,503,1186,31273,22111,34679,-1.2,32.5,193.44,96.951,0.77
2009,West Virginia,1848,7772,3255,1489,181,187,507,1216,31412,22089,34564,-0.2,31.9,179.559,100,0.76
2010,West Virginia,1854,7960,3351,1509,187,206,510,1208,32082,23007,35368,2.9,32.3,179.413,103.278,0.75
2011,West Virginia,1855,8268,3452,1579,201,230,518,1241,33999,24101,36084,0.2,32.4,183.109,103.422,0.72
2012,West Virginia,1857,8764,3758,1660,211,260,521,1220,34808,24603,35509,0.6,32.5,187.157,104.341,0.72
2013,West Virginia,1853,8969,3876,1709,221,265,529,1218,34646,25118,35755,0.5,32.5,190.307,104.656,0.75
2014,West Virginia,1849,9462,4037,1807,238,272,539,1377,35730,25623,36059,0.6,32.5,194.555,105.729,0.74
2003,Wisconsin,5479,5409,1966,1416,154,96,407,681,32080,22142,43568,2.5,32.7,186.157,89.182,0.81
2004,Wisconsin,5514,5782,2106,1504,167,113,421,726,33246,23233,44455,2.6,32.7,188.63,91.953,0.82
2005,Wisconsin,5546,6144,2228,1626,183,129,440,760,34173,24292,45131,1.5,32.6,191.757,93.861,0.8
2006,Wisconsin,5578,6539,2392,1745,186,143,451,841,36133,25403,45515,0.4,32.7,196.156,94.68,0.81
2007,Wisconsin,5611,6867,2506,1838,198,162,475,876,37573,26149,45464,0.4,32.7,197.541,96.178,0.78
2008,Wisconsin,5641,7169,2638,1924,208,168,490,906,38873,26680,44622,-1.2,32.5,193.44,96.951,0.77
2009,Wisconsin,5669,7512,2824,1953,208,189,509,960,38012,25923,43215,-0.2,31.9,179.559,100,0.76
2010,Wisconsin,5690,7709,3011,1951,212,197,520,961,38597,26507,44126,2.9,32.3,179.413,103.278,0.75
2011,Wisconsin,5710,7971,3120,1996,223,203,527,984,40749,27549,44906,0.2,32.4,183.109,103.422,0.72
2012,Wisconsin,5726,8061,3206,2029,235,208,541,969,42537,27882,45382,0.6,32.5,187.157,104.341,0.72
2013,Wisconsin,5743,8189,3253,2040,248,224,538,1011,42728,28624,45845,0.5,32.5,190.307,104.656,0.75
2014,Wisconsin,5758,8702,3502,2168,264,230,553,1103,44296,29626,46423,0.6,32.5,194.555,105.729,0.74
2003,Wyoming,503,4990,2010,1211,200,60,266,578,33264,22724,54930,2.5,32.7,186.157,89.182,0.81
2004,Wyoming,509,5287,2136,1260,222,64,283,619,34974,24329,55848,2.6,32.7,188.63,91.953,0.82
2005,Wyoming,514,5683,2347,1322,223,68,305,665,38232,26075,57642,1.5,32.6,191.757,93.861,0.8
2006,Wyoming,523,6145,2543,1404,237,64,309,792,43208,28264,63428,0.4,32.7,196.156,94.68,0.81
2007,Wyoming,535,6545,2744,1474,256,61,323,840,44719,29878,65471,0.4,32.7,197.541,96.178,0.78
2008,Wyoming,546,6811,2864,1566,285,61,335,816,48541,31010,69182,-1.2,32.5,193.44,96.951,0.77
2009,Wyoming,560,6972,3029,1565,293,68,349,781,43549,28563,66320,-0.2,31.9,179.559,100,0.76
2010,Wyoming,565,7301,3287,1636,304,72,361,740,45450,29360,64603,2.9,32.3,179.413,103.278,0.75
2011,Wyoming,568,7554,3441,1676,331,71,377,723,49482,31131,63985,0.2,32.4,183.109,103.422,0.72
2012,Wyoming,577,7833,3607,1732,367,73,387,703,52768,31774,60777,0.6,32.5,187.157,104.341,0.72
2013,Wyoming,583,7961,3789,1699,363,72,390,702,52718,32374,60770,0.5,32.5,190.307,104.656,0.75
2014,Wyoming,584,8320,4001,1771,377,77,385,751,56349,33710,60900,0.6,32.5,194.555,105.729,0.74